USE mare_db;

SET FOREIGN_KEY_CHECKS = 0;

-- =========================================
-- MUELLES (8 muelles: A, B, C, D, E, F, G, H)
-- =========================================
INSERT INTO muelle (id, nombre, tam_maximo, total_espacios, estado, coordenada_x, coordenada_y) VALUES
  (6, 'A', 120.00, 16, 1, 0.000000, 0.000000),
  (7, 'B', 70.00, 23, 1, 0.000000, 0.000000),
  (8, 'H', 1.00, 1, 1, 0.000000, 0.000000),
  (9, 'C', 100.00, 33, 1, 0.000000, 0.000000),
  (10, 'D', 100.00, 42, 1, 0.000000, 0.000000),
  (11, 'E', 100.00, 42, 1, 0.000000, 0.000000),
  (12, 'F', 100.00, 17, 1, 0.000000, 0.000000),
  (13, 'G', 100.00, 33, 1, 0.000000, 0.000000);

-- =========================================
-- ESPACIOS (325 espacios — pasillos y amarres)
-- =========================================
INSERT INTO espacio (id, muelle_id, numero, pos_x, pos_y, ancho, alto, rotacion, es_pasillo, activo) VALUES
  (5030, 6, 1, 1172.00, -346.00, 100.00, 380.00, 130.00, 0, 1),
  (5031, 6, 2, 1088.00, -239.00, 100.00, 350.00, 130.00, 0, 1),
  (5032, 6, 3, 1006.00, -145.00, 100.00, 350.00, 130.00, 0, 1),
  (5033, 6, 4, 926.00, -50.00, 100.00, 350.00, 130.00, 0, 1),
  (5034, 6, 5, 866.00, 37.00, 75.00, 350.00, 130.00, 0, 1),
  (5035, 6, 6, 881.00, 236.00, 75.00, 180.00, 130.00, 0, 1),
  (5036, 6, 7, 842.00, 298.00, 50.00, 180.00, 130.00, 0, 1),
  (5037, 6, 8, 808.00, 339.00, 50.00, 180.00, 130.00, 0, 1),
  (5038, 6, 9, 764.00, 392.00, 50.00, 180.00, 130.00, 0, 1),
  (5039, 6, 10, 742.00, 456.00, 50.00, 150.00, 130.00, 0, 1),
  (5040, 6, 11, 699.00, 509.00, 50.00, 150.00, 130.00, 0, 1),
  (5041, 6, 12, 684.00, 588.00, 50.00, 100.00, 130.00, 0, 1),
  (5042, 6, 13, 640.00, 641.00, 50.00, 100.00, 130.00, 0, 1),
  (5043, 6, 14, 608.00, 732.00, 50.00, 70.00, 40.00, 0, 1),
  (5044, 6, 15, 562.00, 787.00, 50.00, 70.00, 40.00, 0, 1),
  (5045, 6, 16, 515.00, 842.00, 50.00, 70.00, 40.00, 0, 1),
  (5046, 6, NULL, 1113.00, -135.00, 20.00, 280.00, 130.00, 1, 1),
  (5047, 6, NULL, 1033.00, -40.00, 20.00, 280.00, 130.00, 1, 1),
  (5048, 6, NULL, 952.00, 56.00, 20.00, 280.00, 130.00, 1, 1),
  (5049, 6, NULL, 881.00, 273.00, 15.00, 180.00, 130.00, 1, 1),
  (5050, 6, NULL, 803.00, 366.00, 15.00, 180.00, 130.00, 1, 1),
  (5051, 6, NULL, 737.00, 482.00, 15.00, 150.00, 130.00, 1, 1),
  (5052, 6, NULL, 680.00, 615.00, 15.00, 100.00, 130.00, 1, 1),
  (5053, 6, NULL, 635.00, 667.00, 15.00, 100.00, 130.00, 1, 1),
  (5054, 6, NULL, 930.00, -141.00, 20.00, 1200.00, 40.00, 1, 1),
  (5055, 6, NULL, 1193.00, -230.00, 20.00, 280.00, 130.00, 1, 1),
  (5056, 6, NULL, 941.00, 460.00, 15.00, 40.00, 130.00, 1, 1),
  (5057, 7, 1, 338.00, 842.00, 80.00, 140.00, 0.00, 0, 1),
  (5058, 7, 2, 339.00, 698.00, 80.00, 140.00, 0.00, 0, 1),
  (5059, 7, 3, 338.00, 553.00, 80.00, 140.00, 0.00, 0, 1),
  (5060, 7, 4, 338.00, 411.00, 80.00, 140.00, 0.00, 0, 1),
  (5061, 7, 5, 338.00, 269.00, 80.00, 140.00, 0.00, 0, 1),
  (5062, 7, 6, 338.00, 127.00, 80.00, 140.00, 0.00, 0, 1),
  (5063, 7, 7, 338.00, -15.00, 80.00, 140.00, 0.00, 0, 1),
  (5064, 7, 8, 212.00, -144.00, 80.00, 170.00, 90.00, 0, 1),
  (5065, 7, 9, 215.00, -51.00, 50.00, 150.00, 90.00, 0, 1),
  (5066, 7, 10, 216.00, 0.00, 50.00, 150.00, 90.00, 0, 1),
  (5067, 7, 11, 215.00, 68.00, 50.00, 150.00, 90.00, 0, 1),
  (5068, 7, 12, 216.00, 119.00, 50.00, 150.00, 90.00, 0, 1),
  (5069, 7, 13, 215.00, 186.00, 50.00, 150.00, 90.00, 0, 1),
  (5070, 7, 14, 216.00, 237.00, 50.00, 150.00, 90.00, 0, 1),
  (5071, 7, 15, 215.00, 305.00, 50.00, 150.00, 90.00, 0, 1),
  (5072, 7, 16, 215.00, 356.00, 50.00, 150.00, 90.00, 0, 1),
  (5073, 7, 17, 215.00, 424.00, 50.00, 150.00, 90.00, 0, 1),
  (5074, 7, 18, 215.00, 475.00, 50.00, 150.00, 90.00, 0, 1),
  (5075, 7, 19, 215.00, 543.00, 50.00, 150.00, 90.00, 0, 1),
  (5076, 7, 20, 215.00, 594.00, 50.00, 150.00, 90.00, 0, 1),
  (5077, 7, 21, 215.00, 662.00, 50.00, 150.00, 90.00, 0, 1),
  (5078, 7, 22, 215.00, 713.00, 50.00, 150.00, 90.00, 0, 1),
  (5079, 7, 23, 215.00, 781.00, 50.00, 150.00, 90.00, 0, 1),
  (5080, 7, NULL, 233.00, 271.00, 15.00, 150.00, 90.00, 1, 1),
  (5081, 7, NULL, 233.00, -85.00, 15.00, 150.00, 90.00, 1, 1),
  (5082, 7, NULL, 233.00, 34.00, 15.00, 150.00, 90.00, 1, 1),
  (5083, 7, NULL, 233.00, 153.00, 15.00, 150.00, 90.00, 1, 1),
  (5084, 7, NULL, 316.00, -18.00, 20.00, 1000.00, 0.00, 1, 1),
  (5085, 7, NULL, 232.00, 390.00, 15.00, 150.00, 90.00, 1, 1),
  (5086, 7, NULL, 233.00, 509.00, 15.00, 150.00, 90.00, 1, 1),
  (5087, 7, NULL, 233.00, 628.00, 15.00, 150.00, 90.00, 1, 1),
  (5088, 7, NULL, 233.00, 747.00, 15.00, 150.00, 90.00, 1, 1),
  (5089, 8, 1, 746.00, -693.00, 60.00, 300.00, 45.00, 0, 1),
  (5090, 8, NULL, 693.00, -601.00, 50.00, 20.00, 47.00, 1, 1),
  (5091, 8, NULL, -393.00, -545.00, 25.00, 60.00, 0.00, 1, 1),
  (5092, 8, NULL, -1475.00, -265.00, 40.00, 20.00, 0.00, 1, 1),
  (5093, 8, NULL, -971.00, 980.00, 12.00, 32.00, 0.00, 1, 1),
  (5094, 8, NULL, -603.00, 975.00, 15.00, 36.00, 0.00, 1, 1),
  (5095, 8, NULL, -117.00, 964.00, 13.00, 35.00, 0.00, 1, 1),
  (5096, 8, NULL, 735.00, -722.00, 20.00, 300.00, 45.00, 1, 1),
  (5097, 8, NULL, 321.00, 967.00, 9.00, 34.00, 0.00, 1, 1),
  (5098, 9, 1, -74.00, 880.00, 50.00, 100.00, 90.00, 0, 1),
  (5099, 9, 2, -74.00, 828.00, 50.00, 100.00, 90.00, 0, 1),
  (5100, 9, 3, -50.00, 734.00, 50.00, 150.00, 90.00, 0, 1),
  (5101, 9, 4, -50.00, 682.00, 50.00, 150.00, 90.00, 0, 1),
  (5102, 9, 5, -50.00, 614.00, 50.00, 150.00, 90.00, 0, 1),
  (5103, 9, 6, -50.00, 562.00, 50.00, 150.00, 90.00, 0, 1),
  (5104, 9, 7, -50.00, 495.00, 50.00, 150.00, 90.00, 0, 1),
  (5105, 9, 8, -50.00, 443.00, 50.00, 150.00, 90.00, 0, 1),
  (5106, 9, 9, -50.00, 375.00, 50.00, 150.00, 90.00, 0, 1),
  (5107, 9, 10, -50.00, 323.00, 50.00, 150.00, 90.00, 0, 1),
  (5108, 9, 11, -50.00, 254.00, 50.00, 150.00, 90.00, 0, 1),
  (5109, 9, 12, -50.00, 202.00, 50.00, 150.00, 90.00, 0, 1),
  (5110, 9, 13, -50.00, 134.00, 50.00, 150.00, 90.00, 0, 1),
  (5111, 9, 14, -50.00, 82.00, 50.00, 150.00, 90.00, 0, 1),
  (5112, 9, 15, -50.00, 14.00, 50.00, 150.00, 90.00, 0, 1),
  (5113, 9, 16, -50.00, -38.00, 50.00, 150.00, 90.00, 0, 1),
  (5114, 9, 17, -55.00, -111.00, 50.00, 160.00, 270.00, 0, 1),
  (5115, 9, 18, -216.00, -111.00, 50.00, 160.00, 270.00, 0, 1),
  (5116, 9, 19, -222.00, -38.00, 50.00, 150.00, 270.00, 0, 1),
  (5117, 9, 20, -222.00, 13.00, 50.00, 150.00, 270.00, 0, 1),
  (5118, 9, 21, -222.00, 81.00, 50.00, 150.00, 270.00, 0, 1),
  (5119, 9, 22, -222.00, 132.00, 50.00, 150.00, 270.00, 0, 1),
  (5120, 9, 23, -222.00, 200.00, 50.00, 150.00, 270.00, 0, 1),
  (5121, 9, 24, -222.00, 251.00, 50.00, 150.00, 270.00, 0, 1),
  (5122, 9, 25, -222.00, 319.00, 50.00, 150.00, 270.00, 0, 1),
  (5123, 9, 26, -222.00, 370.00, 50.00, 150.00, 270.00, 0, 1),
  (5124, 9, 27, -222.00, 438.00, 50.00, 150.00, 270.00, 0, 1),
  (5125, 9, 28, -222.00, 489.00, 50.00, 150.00, 270.00, 0, 1),
  (5126, 9, 29, -222.00, 557.00, 50.00, 150.00, 270.00, 0, 1),
  (5127, 9, 30, -222.00, 608.00, 50.00, 150.00, 270.00, 0, 1),
  (5128, 9, 31, -222.00, 676.00, 50.00, 150.00, 270.00, 0, 1),
  (5129, 9, 32, -220.00, 727.00, 50.00, 150.00, 270.00, 0, 1),
  (5130, 9, 33, -222.00, 795.00, 50.00, 150.00, 270.00, 0, 1),
  (5131, 9, NULL, -33.00, 768.00, 15.00, 150.00, 90.00, 1, 1),
  (5132, 9, NULL, -33.00, -72.00, 15.00, 150.00, 90.00, 1, 1),
  (5133, 9, NULL, -33.00, 168.00, 15.00, 150.00, 90.00, 1, 1),
  (5134, 9, NULL, -204.00, 761.00, 15.00, 150.00, 90.00, 1, 1),
  (5135, 9, NULL, -33.00, 48.00, 15.00, 150.00, 90.00, 1, 1),
  (5136, 9, NULL, -33.00, 288.00, 15.00, 150.00, 90.00, 1, 1),
  (5137, 9, NULL, -204.00, -72.00, 15.00, 150.00, 90.00, 1, 1),
  (5138, 9, NULL, -204.00, 523.00, 15.00, 150.00, 90.00, 1, 1),
  (5139, 9, NULL, -33.00, 409.00, 15.00, 150.00, 90.00, 1, 1),
  (5140, 9, NULL, -33.00, 529.00, 15.00, 150.00, 90.00, 1, 1),
  (5141, 9, NULL, -204.00, 404.00, 15.00, 150.00, 90.00, 1, 1),
  (5142, 9, NULL, -33.00, 648.00, 15.00, 150.00, 90.00, 1, 1),
  (5143, 9, NULL, -204.00, 642.00, 15.00, 150.00, 90.00, 1, 1),
  (5144, 9, NULL, -204.00, 285.00, 15.00, 150.00, 90.00, 1, 1),
  (5145, 9, NULL, -204.00, 47.00, 15.00, 150.00, 90.00, 1, 1),
  (5146, 9, NULL, -121.00, -5.00, 20.00, 980.00, 0.00, 1, 1),
  (5147, 9, NULL, -204.00, 166.00, 15.00, 150.00, 90.00, 1, 1),
  (5148, 10, 1, -557.00, 908.00, 40.00, 100.00, 90.00, 0, 1),
  (5149, 10, 2, -556.00, 850.00, 40.00, 100.00, 90.00, 0, 1),
  (5150, 10, 3, -531.00, 784.00, 40.00, 150.00, 90.00, 0, 1),
  (5151, 10, 4, -536.00, 720.00, 50.00, 150.00, 90.00, 0, 1),
  (5152, 10, 5, -536.00, 668.00, 50.00, 150.00, 90.00, 0, 1),
  (5153, 10, 6, -536.00, 600.00, 50.00, 150.00, 90.00, 0, 1),
  (5154, 10, 7, -536.00, 548.00, 50.00, 150.00, 90.00, 0, 1),
  (5155, 10, 8, -536.00, 481.00, 50.00, 150.00, 90.00, 0, 1),
  (5156, 10, 9, -536.00, 429.00, 50.00, 150.00, 90.00, 0, 1),
  (5157, 10, 10, -536.00, 361.00, 50.00, 150.00, 90.00, 0, 1),
  (5158, 10, 11, -536.00, 309.00, 50.00, 150.00, 90.00, 0, 1),
  (5159, 10, 12, -536.00, 240.00, 50.00, 150.00, 90.00, 0, 1),
  (5160, 10, 13, -536.00, 188.00, 50.00, 150.00, 90.00, 0, 1),
  (5161, 10, 14, -536.00, 120.00, 50.00, 150.00, 90.00, 0, 1),
  (5162, 10, 15, -536.00, 68.00, 50.00, 150.00, 90.00, 0, 1),
  (5163, 10, 16, -536.00, 0.00, 50.00, 150.00, 90.00, 0, 1),
  (5164, 10, 17, -536.00, -52.00, 50.00, 150.00, 90.00, 0, 1),
  (5165, 10, 18, -541.00, -125.00, 50.00, 160.00, 270.00, 0, 1),
  (5166, 10, 19, -677.00, -100.00, 50.00, 110.00, 270.00, 0, 1),
  (5167, 10, 20, -677.00, -32.00, 40.00, 100.00, 270.00, 0, 1),
  (5168, 10, 21, -677.00, 9.00, 40.00, 100.00, 270.00, 0, 1),
  (5169, 10, 22, -678.00, 61.00, 40.00, 100.00, 270.00, 0, 1),
  (5170, 10, 23, -678.00, 102.00, 40.00, 100.00, 270.00, 0, 1),
  (5171, 10, 24, -677.00, 154.00, 40.00, 100.00, 270.00, 0, 1),
  (5172, 10, 25, -678.00, 194.00, 40.00, 100.00, 270.00, 0, 1),
  (5173, 10, 26, -677.00, 246.00, 40.00, 100.00, 270.00, 0, 1),
  (5174, 10, 27, -677.00, 287.00, 40.00, 100.00, 270.00, 0, 1),
  (5175, 10, 28, -677.00, 338.00, 40.00, 100.00, 270.00, 0, 1),
  (5176, 10, 29, -677.00, 380.00, 40.00, 100.00, 270.00, 0, 1),
  (5177, 10, 30, -678.00, 432.00, 40.00, 100.00, 270.00, 0, 1),
  (5178, 10, 31, -678.00, 473.00, 40.00, 100.00, 270.00, 0, 1),
  (5179, 10, 32, -677.00, 525.00, 40.00, 100.00, 270.00, 0, 1),
  (5180, 10, 33, -678.00, 565.00, 40.00, 100.00, 270.00, 0, 1),
  (5181, 10, 34, -677.00, 617.00, 40.00, 100.00, 270.00, 0, 1),
  (5182, 10, 35, -677.00, 658.00, 40.00, 100.00, 270.00, 0, 1),
  (5183, 10, 36, -677.00, 711.00, 40.00, 100.00, 270.00, 0, 1),
  (5184, 10, 37, -678.00, 751.00, 40.00, 100.00, 270.00, 0, 1),
  (5185, 10, 38, -677.00, 803.00, 40.00, 100.00, 270.00, 0, 1),
  (5186, 10, 39, -677.00, 845.00, 40.00, 100.00, 270.00, 0, 1),
  (5187, 10, 40, -667.00, 887.00, 20.00, 100.00, 270.00, 0, 1),
  (5188, 10, 41, -667.00, 908.00, 20.00, 100.00, 270.00, 0, 1),
  (5189, 10, 42, -671.00, 945.00, 10.00, 80.00, 270.00, 0, 1),
  (5190, 10, NULL, -519.00, 154.00, 15.00, 150.00, 90.00, 1, 1),
  (5191, 10, NULL, -519.00, 34.00, 15.00, 150.00, 90.00, 1, 1),
  (5192, 10, NULL, -663.00, 591.00, 10.00, 100.00, 90.00, 1, 1),
  (5193, 10, NULL, -519.00, -86.00, 15.00, 150.00, 90.00, 1, 1),
  (5194, 10, NULL, -665.00, -61.00, 15.00, 100.00, 90.00, 1, 1),
  (5195, 10, NULL, -662.00, 684.00, 10.00, 100.00, 90.00, 1, 1),
  (5196, 10, NULL, -662.00, 35.00, 10.00, 100.00, 90.00, 1, 1),
  (5197, 10, NULL, -544.00, 879.00, 15.00, 100.00, 90.00, 1, 1),
  (5198, 10, NULL, -662.00, 406.00, 10.00, 100.00, 90.00, 1, 1),
  (5199, 10, NULL, -663.00, 128.00, 10.00, 100.00, 90.00, 1, 1),
  (5200, 10, NULL, -663.00, 220.00, 10.00, 100.00, 90.00, 1, 1),
  (5201, 10, NULL, -661.00, 313.00, 10.00, 100.00, 90.00, 1, 1),
  (5202, 10, NULL, -663.00, 499.00, 10.00, 100.00, 90.00, 1, 1),
  (5203, 10, NULL, -519.00, 274.00, 15.00, 150.00, 90.00, 1, 1),
  (5204, 10, NULL, -519.00, 395.00, 15.00, 150.00, 90.00, 1, 1),
  (5205, 10, NULL, -663.00, 777.00, 10.00, 100.00, 90.00, 1, 1),
  (5206, 10, NULL, -519.00, 515.00, 15.00, 150.00, 90.00, 1, 1),
  (5207, 10, NULL, -519.00, 634.00, 15.00, 150.00, 90.00, 1, 1),
  (5208, 10, NULL, -519.00, 754.00, 15.00, 150.00, 90.00, 1, 1),
  (5209, 10, NULL, -660.00, 871.00, 10.00, 100.00, 90.00, 1, 1),
  (5210, 10, NULL, -662.00, 924.00, 10.00, 100.00, 90.00, 1, 1),
  (5211, 10, NULL, -606.00, -19.00, 20.00, 1000.00, 0.00, 1, 1),
  (5212, 11, 1, -915.00, 929.00, 20.00, 100.00, 90.00, 0, 1),
  (5213, 11, 2, -915.00, 897.00, 20.00, 100.00, 90.00, 0, 1),
  (5214, 11, 3, -924.00, 855.00, 40.00, 100.00, 90.00, 0, 1),
  (5215, 11, 4, -924.00, 814.00, 40.00, 100.00, 90.00, 0, 1),
  (5216, 11, 5, -925.00, 762.00, 40.00, 100.00, 90.00, 0, 1),
  (5217, 11, 6, -924.00, 722.00, 40.00, 100.00, 90.00, 0, 1),
  (5218, 11, 7, -924.00, 669.00, 40.00, 100.00, 90.00, 0, 1),
  (5219, 11, 8, -924.00, 628.00, 40.00, 100.00, 90.00, 0, 1),
  (5220, 11, 9, -925.00, 576.00, 40.00, 100.00, 90.00, 0, 1),
  (5221, 11, 10, -924.00, 536.00, 40.00, 100.00, 90.00, 0, 1),
  (5222, 11, 11, -925.00, 484.00, 40.00, 100.00, 90.00, 0, 1),
  (5223, 11, 12, -925.00, 443.00, 40.00, 100.00, 90.00, 0, 1),
  (5224, 11, 13, -924.00, 391.00, 40.00, 100.00, 90.00, 0, 1),
  (5225, 11, 14, -924.00, 350.00, 40.00, 100.00, 90.00, 0, 1),
  (5226, 11, 15, -924.00, 298.00, 40.00, 100.00, 90.00, 0, 1),
  (5227, 11, 16, -924.00, 257.00, 40.00, 100.00, 90.00, 0, 1),
  (5228, 11, 17, -925.00, 205.00, 40.00, 100.00, 90.00, 0, 1),
  (5229, 11, 18, -924.00, 165.00, 40.00, 100.00, 90.00, 0, 1),
  (5230, 11, 19, -925.00, 113.00, 40.00, 100.00, 90.00, 0, 1),
  (5231, 11, 20, -925.00, 72.00, 40.00, 100.00, 90.00, 0, 1),
  (5232, 11, 21, -924.00, 20.00, 40.00, 100.00, 90.00, 0, 1),
  (5233, 11, 22, -924.00, -21.00, 40.00, 100.00, 90.00, 0, 1),
  (5234, 11, 23, -934.00, -90.00, 50.00, 110.00, 90.00, 0, 1),
  (5235, 11, 24, -1045.00, -89.00, 50.00, 110.00, 270.00, 0, 1),
  (5236, 11, 25, -1051.00, -17.00, 50.00, 100.00, 270.00, 0, 1),
  (5237, 11, 26, -1051.00, 34.00, 50.00, 100.00, 270.00, 0, 1),
  (5238, 11, 27, -1051.00, 96.00, 50.00, 100.00, 270.00, 0, 1),
  (5239, 11, 28, -1051.00, 147.00, 50.00, 100.00, 270.00, 0, 1),
  (5240, 11, 29, -1050.00, 210.00, 50.00, 100.00, 270.00, 0, 1),
  (5241, 11, 30, -1050.00, 261.00, 50.00, 100.00, 270.00, 0, 1),
  (5242, 11, 31, -1049.00, 323.00, 50.00, 100.00, 270.00, 0, 1),
  (5243, 11, 32, -1049.00, 374.00, 50.00, 100.00, 270.00, 0, 1),
  (5244, 11, 33, -1051.00, 437.00, 50.00, 100.00, 270.00, 0, 1),
  (5245, 11, 34, -1051.00, 488.00, 50.00, 100.00, 270.00, 0, 1),
  (5246, 11, 35, -1051.00, 550.00, 50.00, 100.00, 270.00, 0, 1),
  (5247, 11, 36, -1051.00, 601.00, 50.00, 100.00, 270.00, 0, 1),
  (5248, 11, 37, -1050.00, 664.00, 50.00, 100.00, 270.00, 0, 1),
  (5249, 11, 38, -1050.00, 715.00, 50.00, 100.00, 270.00, 0, 1),
  (5250, 11, 39, -1050.00, 777.00, 50.00, 100.00, 270.00, 0, 1),
  (5251, 11, 40, -1051.00, 828.00, 50.00, 100.00, 270.00, 0, 1),
  (5252, 11, 41, -1035.00, 875.00, 20.00, 100.00, 270.00, 0, 1),
  (5253, 11, 42, -1035.00, 896.00, 20.00, 100.00, 270.00, 0, 1),
  (5254, 11, NULL, -909.00, 695.00, 10.00, 100.00, 90.00, 1, 1),
  (5255, 11, NULL, -912.00, -50.00, 15.00, 100.00, 90.00, 1, 1),
  (5256, 11, NULL, -1031.00, 178.00, 10.00, 100.00, 90.00, 1, 1),
  (5257, 11, NULL, -910.00, 602.00, 10.00, 100.00, 90.00, 1, 1),
  (5258, 11, NULL, -1030.00, 292.00, 10.00, 100.00, 90.00, 1, 1),
  (5259, 11, NULL, -909.00, 46.00, 10.00, 100.00, 90.00, 1, 1),
  (5260, 11, NULL, -909.00, 417.00, 10.00, 100.00, 90.00, 1, 1),
  (5261, 11, NULL, -1029.00, 405.00, 10.00, 100.00, 90.00, 1, 1),
  (5262, 11, NULL, -910.00, 139.00, 10.00, 100.00, 90.00, 1, 1),
  (5263, 11, NULL, -910.00, 913.00, 10.00, 100.00, 90.00, 1, 1),
  (5264, 11, NULL, -1032.00, 519.00, 10.00, 100.00, 90.00, 1, 1),
  (5265, 11, NULL, -910.00, 324.00, 10.00, 100.00, 90.00, 1, 1),
  (5266, 11, NULL, -975.00, -9.00, 20.00, 1000.00, 0.00, 1, 1),
  (5267, 11, NULL, -1031.00, 632.00, 10.00, 100.00, 90.00, 1, 1),
  (5268, 11, NULL, -1033.00, -50.00, 15.00, 100.00, 90.00, 1, 1),
  (5269, 11, NULL, -910.00, 231.00, 10.00, 100.00, 90.00, 1, 1),
  (5270, 11, NULL, -1030.00, 912.00, 10.00, 100.00, 90.00, 1, 1),
  (5271, 11, NULL, -1030.00, 859.00, 10.00, 100.00, 90.00, 1, 1),
  (5272, 11, NULL, -910.00, 881.00, 10.00, 100.00, 90.00, 1, 1),
  (5273, 11, NULL, -1030.00, 746.00, 10.00, 100.00, 90.00, 1, 1),
  (5274, 11, NULL, -910.00, 788.00, 10.00, 100.00, 90.00, 1, 1),
  (5275, 11, NULL, -1031.00, 65.00, 10.00, 100.00, 90.00, 1, 1),
  (5276, 11, NULL, -910.00, 510.00, 10.00, 100.00, 90.00, 1, 1),
  (5277, 12, 1, -1388.00, 448.00, 40.00, 100.00, 90.00, 0, 1),
  (5278, 12, 2, -1388.00, 392.00, 40.00, 100.00, 90.00, 0, 1),
  (5279, 12, 3, -1390.00, 334.00, 40.00, 100.00, 90.00, 0, 1),
  (5280, 12, 4, -1390.00, 293.00, 40.00, 100.00, 90.00, 0, 1),
  (5281, 12, 5, -1387.00, 236.00, 40.00, 100.00, 90.00, 0, 1),
  (5282, 12, 6, -1387.00, 195.00, 40.00, 100.00, 90.00, 0, 1),
  (5283, 12, 7, -1388.00, 137.00, 40.00, 100.00, 90.00, 0, 1),
  (5284, 12, 8, -1388.00, 96.00, 40.00, 100.00, 90.00, 0, 1),
  (5285, 12, 9, -1389.00, 38.00, 40.00, 100.00, 90.00, 0, 1),
  (5286, 12, 10, -1389.00, -3.00, 40.00, 100.00, 90.00, 0, 1),
  (5287, 12, 11, -1389.00, -62.00, 40.00, 100.00, 90.00, 0, 1),
  (5288, 12, 12, -1389.00, -103.00, 40.00, 100.00, 90.00, 0, 1),
  (5289, 12, 13, -1386.00, -161.00, 40.00, 100.00, 90.00, 0, 1),
  (5290, 12, 14, -1386.00, -202.00, 40.00, 100.00, 90.00, 0, 1),
  (5291, 12, 15, -1387.00, -260.00, 40.00, 100.00, 90.00, 0, 1),
  (5292, 12, 16, -1387.00, -301.00, 40.00, 100.00, 90.00, 0, 1),
  (5293, 12, 17, -1396.00, -369.00, 40.00, 120.00, 90.00, 0, 1),
  (5294, 12, NULL, -1438.00, -287.00, 20.00, 770.00, 0.00, 1, 1),
  (5295, 12, NULL, -1374.00, 265.00, 15.00, 100.00, 90.00, 1, 1),
  (5296, 12, NULL, -1375.00, 166.00, 15.00, 100.00, 90.00, 1, 1),
  (5297, 12, NULL, -1376.00, 67.00, 15.00, 100.00, 90.00, 1, 1),
  (5298, 12, NULL, -1375.00, 419.00, 15.00, 100.00, 90.00, 1, 1),
  (5299, 12, NULL, -1377.00, 363.00, 15.00, 100.00, 90.00, 1, 1),
  (5300, 12, NULL, -1377.00, -32.00, 15.00, 100.00, 90.00, 1, 1),
  (5301, 12, NULL, -1373.00, -132.00, 15.00, 100.00, 90.00, 1, 1),
  (5302, 12, NULL, -1374.00, -231.00, 15.00, 100.00, 90.00, 1, 1),
  (5303, 12, NULL, -1375.00, -330.00, 15.00, 100.00, 90.00, 1, 1),
  (5304, 13, 1, -1323.00, -474.00, 50.00, 120.00, 0.00, 0, 1),
  (5305, 13, 2, -1256.00, -474.00, 50.00, 120.00, 0.00, 0, 1),
  (5306, 13, 3, -1205.00, -474.00, 50.00, 120.00, 0.00, 0, 1),
  (5307, 13, 4, -1138.00, -474.00, 50.00, 120.00, 0.00, 0, 1),
  (5308, 13, 5, -1087.00, -474.00, 50.00, 120.00, 0.00, 0, 1),
  (5309, 13, 6, -1020.00, -474.00, 50.00, 120.00, 0.00, 0, 1),
  (5310, 13, 7, -969.00, -474.00, 50.00, 120.00, 0.00, 0, 1),
  (5311, 13, 8, -902.00, -474.00, 50.00, 120.00, 0.00, 0, 1),
  (5312, 13, 9, -851.00, -474.00, 50.00, 120.00, 0.00, 0, 1),
  (5313, 13, 10, -783.00, -474.00, 50.00, 120.00, 0.00, 0, 1),
  (5314, 13, 11, -732.00, -474.00, 50.00, 120.00, 0.00, 0, 1),
  (5315, 13, 12, -665.00, -474.00, 50.00, 120.00, 0.00, 0, 1),
  (5316, 13, 13, -614.00, -474.00, 50.00, 120.00, 0.00, 0, 1),
  (5317, 13, 14, -547.00, -474.00, 50.00, 120.00, 0.00, 0, 1),
  (5318, 13, 15, -496.00, -474.00, 50.00, 120.00, 0.00, 0, 1),
  (5319, 13, 16, -429.00, -474.00, 50.00, 120.00, 0.00, 0, 1),
  (5320, 13, 17, -378.00, -474.00, 50.00, 120.00, 0.00, 0, 1),
  (5321, 13, 18, -311.00, -472.00, 50.00, 120.00, 0.00, 0, 1),
  (5322, 13, 19, -260.00, -472.00, 50.00, 120.00, 0.00, 0, 1),
  (5323, 13, 20, -193.00, -472.00, 50.00, 120.00, 0.00, 0, 1),
  (5324, 13, 21, -142.00, -472.00, 50.00, 120.00, 0.00, 0, 1),
  (5325, 13, 22, -75.00, -472.00, 50.00, 120.00, 0.00, 0, 1),
  (5326, 13, 23, -24.00, -472.00, 50.00, 120.00, 0.00, 0, 1),
  (5327, 13, 24, 43.00, -472.00, 50.00, 120.00, 0.00, 0, 1),
  (5328, 13, 25, 94.00, -472.00, 50.00, 120.00, 0.00, 0, 1),
  (5329, 13, 26, 162.00, -472.00, 50.00, 120.00, 0.00, 0, 1),
  (5330, 13, 27, 213.00, -472.00, 50.00, 120.00, 0.00, 0, 1),
  (5331, 13, 28, 280.00, -472.00, 50.00, 120.00, 0.00, 0, 1),
  (5332, 13, 29, 331.00, -472.00, 50.00, 120.00, 0.00, 0, 1),
  (5333, 13, 30, 398.00, -472.00, 50.00, 120.00, 0.00, 0, 1),
  (5334, 13, 31, 449.00, -472.00, 50.00, 120.00, 0.00, 0, 1),
  (5335, 13, 32, 516.00, -472.00, 50.00, 120.00, 0.00, 0, 1),
  (5336, 13, 33, 583.00, -472.00, 50.00, 120.00, 0.00, 0, 1),
  (5337, 13, NULL, -357.00, -1413.00, 20.00, 1860.00, 90.00, 1, 1),
  (5338, 13, NULL, -91.00, -472.00, 15.00, 120.00, 0.00, 1, 1),
  (5339, 13, NULL, -563.00, -474.00, 15.00, 120.00, 0.00, 1, 1),
  (5340, 13, NULL, 382.00, -472.00, 15.00, 120.00, 0.00, 1, 1),
  (5341, 13, NULL, 27.00, -472.00, 15.00, 120.00, 0.00, 1, 1),
  (5342, 13, NULL, -327.00, -474.00, 15.00, 120.00, 0.00, 1, 1),
  (5343, 13, NULL, -681.00, -474.00, 15.00, 120.00, 0.00, 1, 1),
  (5344, 13, NULL, 145.00, -472.00, 15.00, 120.00, 0.00, 1, 1),
  (5345, 13, NULL, -800.00, -474.00, 15.00, 120.00, 0.00, 1, 1),
  (5346, 13, NULL, -918.00, -474.00, 15.00, 120.00, 0.00, 1, 1),
  (5347, 13, NULL, 264.00, -472.00, 15.00, 120.00, 0.00, 1, 1),
  (5348, 13, NULL, -1036.00, -474.00, 15.00, 120.00, 0.00, 1, 1),
  (5349, 13, NULL, -1272.00, -474.00, 15.00, 120.00, 0.00, 1, 1),
  (5350, 13, NULL, -445.00, -474.00, 15.00, 120.00, 0.00, 1, 1),
  (5351, 13, NULL, -1154.00, -474.00, 15.00, 120.00, 0.00, 1, 1),
  (5352, 13, NULL, 500.00, -472.00, 15.00, 120.00, 0.00, 1, 1),
  (5353, 13, NULL, 567.00, -472.00, 15.00, 120.00, 0.00, 1, 1),
  (5354, 13, NULL, -209.00, -472.00, 15.00, 120.00, 0.00, 1, 1);

-- =========================================
-- ZONAS DE TIERRA (polígonos decorativos del mapa)
-- =========================================
INSERT INTO zona_tierra (id, puntos, color, nombre) VALUES
  (99, '[{"x": 1370, "y": 28}, {"x": 1475, "y": 99}, {"x": 614, "y": 1083}, {"x": 522, "y": 1001}, {"x": 520, "y": 1001}, {"x": 520, "y": 1001}]', '#7ab648', 'Tierra'),
  (100, '[{"x": 523, "y": 998}, {"x": -1090, "y": 1004}, {"x": -1096, "y": 1162}, {"x": 671, "y": 1134}, {"x": 671, "y": 1134}]', '#7ab648', 'Tierra'),
  (101, '[{"x": -1091, "y": 1003}, {"x": -1461, "y": 487}, {"x": -1586, "y": 503}, {"x": -1099, "y": 1168}, {"x": -1099, "y": 1168}]', '#7ab648', 'Tierra'),
  (102, '[{"x": -1462, "y": 484}, {"x": -1468, "y": -369}, {"x": -1590, "y": -384}, {"x": -1588, "y": 500}, {"x": -1579, "y": 502}, {"x": -1579, "y": 502}]', '#7ab648', 'Tierra'),
  (103, '[{"x": -1468, "y": -371}, {"x": -1351, "y": -518}, {"x": -1450, "y": -592}, {"x": -1592, "y": -387}, {"x": -1592, "y": -387}]', '#7ab648', 'Tierra'),
  (104, '[{"x": -1346, "y": -522}, {"x": 616, "y": -526}, {"x": 612, "y": -668}, {"x": -1457, "y": -599}, {"x": -1457, "y": -599}]', '#7ab648', 'Tierra'),
  (105, '[{"x": 617, "y": -530}, {"x": 817, "y": -703}, {"x": 742, "y": -732}, {"x": 615, "y": -675}, {"x": 615, "y": -675}]', '#7ab648', 'Tierra'),
  (106, '[{"x": 818, "y": -706}, {"x": 823, "y": -745}, {"x": 737, "y": -736}, {"x": 737, "y": -736}]', '#7ab648', 'Tierra');

-- =========================================
-- ETIQUETAS DE MUELLE (textos sobre el mapa)
-- =========================================
INSERT INTO etiqueta_muelle (id, muelle_id, pos_x, pos_y, texto, tamanio, color) VALUES
  (1, 6, 924.00, 553.00, 'Muelle A', 40, '#ffffff'),
  (2, 7, 316.00, 1065.00, 'Muelle B', 40, '#ffffff'),
  (3, 8, 601.00, -658.00, 'Muelle H', 40, '#ffffff'),
  (4, 9, -142.00, 1062.00, 'Muelle C', 40, '#ffffff'),
  (5, 10, -597.00, 1059.00, 'Muele D', 40, '#ffffff'),
  (6, 11, -1033.00, 1062.00, 'Muelle E', 40, '#ffffff'),
  (7, 12, -1645.00, -318.00, 'Muelle F', 40, '#ffffff'),
  (8, 13, -473.00, -574.00, 'Muelle G', 40, '#ffffff');

SET FOREIGN_KEY_CHECKS = 1;